{
  "Login API Request" : {
    "transaction" : "Login API Request",
    "sampleCount" : 125,
    "errorCount" : 0,
    "errorPct" : 0.0,
    "meanResTime" : 159.27199999999996,
    "medianResTime" : 154.0,
    "minResTime" : 134.0,
    "maxResTime" : 271.0,
    "pct1ResTime" : 177.4,
    "pct2ResTime" : 185.39999999999998,
    "pct3ResTime" : 261.1199999999998,
    "throughput" : 4.24881033310673,
    "receivedKBytesPerSec" : 2.5227975229435757,
    "sentKBytesPerSec" : 1.1479754418762746
  },
  "Total" : {
    "transaction" : "Total",
    "sampleCount" : 125,
    "errorCount" : 0,
    "errorPct" : 0.0,
    "meanResTime" : 159.27199999999996,
    "medianResTime" : 154.0,
    "minResTime" : 134.0,
    "maxResTime" : 271.0,
    "pct1ResTime" : 177.4,
    "pct2ResTime" : 185.39999999999998,
    "pct3ResTime" : 261.1199999999998,
    "throughput" : 4.24881033310673,
    "receivedKBytesPerSec" : 2.5227975229435757,
    "sentKBytesPerSec" : 1.1479754418762746
  }
}