{
  "Login API Request" : {
    "transaction" : "Login API Request",
    "sampleCount" : 125,
    "errorCount" : 0,
    "errorPct" : 0.0,
    "meanResTime" : 201.04000000000002,
    "medianResTime" : 176.0,
    "minResTime" : 162.0,
    "maxResTime" : 342.0,
    "pct1ResTime" : 271.80000000000007,
    "pct2ResTime" : 306.7,
    "pct3ResTime" : 340.7,
    "throughput" : 4.21841252699784,
    "receivedKBytesPerSec" : 2.504748350600702,
    "sentKBytesPerSec" : 1.1397623346382288
  },
  "Total" : {
    "transaction" : "Total",
    "sampleCount" : 125,
    "errorCount" : 0,
    "errorPct" : 0.0,
    "meanResTime" : 201.04000000000002,
    "medianResTime" : 176.0,
    "minResTime" : 162.0,
    "maxResTime" : 342.0,
    "pct1ResTime" : 271.80000000000007,
    "pct2ResTime" : 306.7,
    "pct3ResTime" : 340.7,
    "throughput" : 4.21841252699784,
    "receivedKBytesPerSec" : 2.504748350600702,
    "sentKBytesPerSec" : 1.1397623346382288
  }
}